sector,headlines
Financials,"['Embedded Finance Market Expected to Reach $570.9 Billion by 2033', 'Siemens Energy Set For Growth: Gas Turbines Become The Hot Product', ""China's Grip on Critical Minerals Faces Resistance as U.S. Miners Ramp Up Production"", 'Zimbabwe gets lukewarm responses for bridging finance plea', 'ECC approves technical grants for 18 ministries, releases supplementary funds over Rs40 billion', 'Fed’s Goolsbee: Tariffs will drive inflation, but effects may be temporary', 'Dinitrogen Monoxide Manufacturing Plant Cost Estimation: Machinery and Production Process', 'Federal Reserve’s Goolsbee sees path to lower interest rates despite recent turbulence', 'Simple But Needed, Inc Spotlights Role of EHS Software Solutions in Enhancing Safety and Risk Management Practices', ""China's Grip on Critical Minerals Faces Resistance as U.S. Miners Ramp Up Production""]"
Healthcare,"['Embedded Finance Market Expected to Reach $570.9 Billion by 2033', 'U.S. updates travel warning for another popular tropical vacation destination', 'Mechanical Inhalation-Exhalation Technology Expectoration Machine Market to Grow at 9.0% CAGR by 2032, Driven by Rising Respiratory Needs and Smart Health Innovations', ""NovoCure's Tumor Treating Fields Boosts One-Year And Pain-Free Survival In Pancreatic Cancer Trial"", 'Testing, Inspection, and Certification (TIC) Market worth $282.76 Billion by 2030, at a CAGR of 3.4%', 'Dinitrogen Monoxide Manufacturing Plant Cost Estimation: Machinery and Production Process', 'LDC graduation: Govt proposes duty cut, change in trade rules', 'Education, health outlays see slight rise', 'Education, health allocations see slight rise', 'Simple But Needed, Inc Spotlights Role of EHS Software Solutions in Enhancing Safety and Risk Management Practices']"
Technology,"['Embedded Finance Market Expected to Reach $570.9 Billion by 2033', 'U.S. updates travel warning for another popular tropical vacation destination', 'Mechanical Inhalation-Exhalation Technology Expectoration Machine Market to Grow at 9.0% CAGR by 2032, Driven by Rising Respiratory Needs and Smart Health Innovations', 'Hyyve and MoveMate Partner to Simplify Real Estate Moves Across Canada', 'Denver-Area Experts Sewer Lines Only Educates Property Owners on Advanced Trenchless Sewer Line Repair Methods', 'Testing, Inspection, and Certification (TIC) Market worth $282.76 Billion by 2030, at a CAGR of 3.4%', 'Dinitrogen Monoxide Manufacturing Plant Cost Estimation: Machinery and Production Process', 'Education, health outlays see slight rise', 'Education, health allocations see slight rise', 'GCash, Indonesia’s Pluang pilot global investing platforms under PH ‘sandbox’ program']"
Energy,"['History Says Now Is a Good Time to Rotate Out of Bitcoin Into Lower-Cap Cryptos: 2 Best Picks', 'Siemens Energy Set For Growth: Gas Turbines Become The Hot Product', ""China's Grip on Critical Minerals Faces Resistance as U.S. Miners Ramp Up Production"", 'Mechanical Inhalation-Exhalation Technology Expectoration Machine Market to Grow at 9.0% CAGR by 2032, Driven by Rising Respiratory Needs and Smart Health Innovations', 'Denver-Area Experts Sewer Lines Only Educates Property Owners on Advanced Trenchless Sewer Line Repair Methods', 'Testing, Inspection, and Certification (TIC) Market worth $282.76 Billion by 2030, at a CAGR of 3.4%', 'Dinitrogen Monoxide Manufacturing Plant Cost Estimation: Machinery and Production Process', 'Oil prices up following OPEC+ decision', 'PNG connection: Gas discoms to be fined for missing targets', 'AI Coding Assistants Give Tech Powers to Small Businesses']"
Consumer Discretionary,"['Embedded Finance Market Expected to Reach $570.9 Billion by 2033', 'Denver-Area Experts Sewer Lines Only Educates Property Owners on Advanced Trenchless Sewer Line Repair Methods', 'Testing, Inspection, and Certification (TIC) Market worth $282.76 Billion by 2030, at a CAGR of 3.4%', 'Oxipital AI and Schmalz Extend Partnership to Deliver Advanced Automated Solutions', 'Automotive Interior Market worth $205.77 billion by 2032', 'Which Walgreens stores will close in June? List', 'Spotlight on PayPal Holdings: Analyzing the Surge in Options Activity', ""Looking At Dollar General's Recent Unusual Options Activity"", '13 Analysts Assess Church & Dwight Co: What You Need To Know', 'Lower Oil Prices Spur Strong Start to U.S. Driving Season']"
Industrials,"['Embedded Finance Market Expected to Reach $570.9 Billion by 2033', ""China's Grip on Critical Minerals Faces Resistance as U.S. Miners Ramp Up Production"", 'Mechanical Inhalation-Exhalation Technology Expectoration Machine Market to Grow at 9.0% CAGR by 2032, Driven by Rising Respiratory Needs and Smart Health Innovations', ""'India, US to resolve all issues bilaterally': Piyush Goyal"", 'American Retail Giants Demand Chinese Suppliers Cover Up To 66% Of US Import Tariffs', 'Hyyve and MoveMate Partner to Simplify Real Estate Moves Across Canada', 'Denver-Area Experts Sewer Lines Only Educates Property Owners on Advanced Trenchless Sewer Line Repair Methods', 'Testing, Inspection, and Certification (TIC) Market worth $282.76 Billion by 2030, at a CAGR of 3.4%', 'Dinitrogen Monoxide Manufacturing Plant Cost Estimation: Machinery and Production Process', 'LDC graduation: Govt proposes duty cut, change in trade rules']"
Materials,"[""China's Grip on Critical Minerals Faces Resistance as U.S. Miners Ramp Up Production"", 'USDC Issuer Circle Aims For $7.2B Initial Public Offering Valuation', 'Denver-Area Experts Sewer Lines Only Educates Property Owners on Advanced Trenchless Sewer Line Repair Methods', 'Testing, Inspection, and Certification (TIC) Market worth $282.76 Billion by 2030, at a CAGR of 3.4%', 'Dinitrogen Monoxide Manufacturing Plant Cost Estimation: Machinery and Production Process', 'LDC graduation: Govt proposes duty cut, change in trade rules', 'Media Advisory - AESO Announces Interim Approach to Large Load Connections', 'Education, health outlays see slight rise', 'Education, health allocations see slight rise', 'Oxipital AI and Schmalz Extend Partnership to Deliver Advanced Automated Solutions']"
Utilities,"['History Says Now Is a Good Time to Rotate Out of Bitcoin Into Lower-Cap Cryptos: 2 Best Picks', 'Siemens Energy Set For Growth: Gas Turbines Become The Hot Product', ""China's Grip on Critical Minerals Faces Resistance as U.S. Miners Ramp Up Production"", ""Mullen Automotive Stock Is Falling Monday: What's Going On?"", 'Denver-Area Experts Sewer Lines Only Educates Property Owners on Advanced Trenchless Sewer Line Repair Methods', 'Testing, Inspection, and Certification (TIC) Market worth $282.76 Billion by 2030, at a CAGR of 3.4%', 'Dinitrogen Monoxide Manufacturing Plant Cost Estimation: Machinery and Production Process', 'Media Advisory - AESO Announces Interim Approach to Large Load Connections', 'PNG connection: Gas discoms to be fined for missing targets', 'AI Coding Assistants Give Tech Powers to Small Businesses']"
Real Estate,"['History Says Now Is a Good Time to Rotate Out of Bitcoin Into Lower-Cap Cryptos: 2 Best Picks', 'Mechanical Inhalation-Exhalation Technology Expectoration Machine Market to Grow at 9.0% CAGR by 2032, Driven by Rising Respiratory Needs and Smart Health Innovations', 'USDC Issuer Circle Aims For $7.2B Initial Public Offering Valuation', 'Hyyve and MoveMate Partner to Simplify Real Estate Moves Across Canada', 'Denver-Area Experts Sewer Lines Only Educates Property Owners on Advanced Trenchless Sewer Line Repair Methods', 'Testing, Inspection, and Certification (TIC) Market worth $282.76 Billion by 2030, at a CAGR of 3.4%', 'Dinitrogen Monoxide Manufacturing Plant Cost Estimation: Machinery and Production Process', 'Education, health outlays see slight rise', 'Education, health allocations see slight rise', 'AI Coding Assistants Give Tech Powers to Small Businesses']"
Communication Services,"['Embedded Finance Market Expected to Reach $570.9 Billion by 2033', 'U.S. updates travel warning for another popular tropical vacation destination', 'Mechanical Inhalation-Exhalation Technology Expectoration Machine Market to Grow at 9.0% CAGR by 2032, Driven by Rising Respiratory Needs and Smart Health Innovations', 'Hyyve and MoveMate Partner to Simplify Real Estate Moves Across Canada', 'Denver-Area Experts Sewer Lines Only Educates Property Owners on Advanced Trenchless Sewer Line Repair Methods', 'Testing, Inspection, and Certification (TIC) Market worth $282.76 Billion by 2030, at a CAGR of 3.4%', 'Dinitrogen Monoxide Manufacturing Plant Cost Estimation: Machinery and Production Process', 'Education, health outlays see slight rise', 'Education, health allocations see slight rise', 'GCash, Indonesia’s Pluang pilot global investing platforms under PH ‘sandbox’ program']"
Consumer Staples,"['Mechanical Inhalation-Exhalation Technology Expectoration Machine Market to Grow at 9.0% CAGR by 2032, Driven by Rising Respiratory Needs and Smart Health Innovations', 'Testing, Inspection, and Certification (TIC) Market worth $282.76 Billion by 2030, at a CAGR of 3.4%', 'Dinitrogen Monoxide Manufacturing Plant Cost Estimation: Machinery and Production Process', 'LDC graduation: Govt proposes duty cut, change in trade rules', 'Oxipital AI and Schmalz Extend Partnership to Deliver Advanced Automated Solutions', ""Looking At Dollar General's Recent Unusual Options Activity"", 'Scant steps to combat inflation', 'Few steps to cut inflation-induced poverty', 'Suspension Stabilizer Bar Link Market Size, Outlook 2031 by Top Companies- ZF Friedrichshafen AG, Delphi Technologies, Sidem, Tahiko, GMB Corporation, Mevotech, Pedders, SAMYUNG', 'Sustainability Services Market Size, Outlook 2031 by Key Companies- EY, Boston Consulting Group, McKinsey & Company, KPMG, Deloitte, Bain & Company, PA Consulting Group']"
